Country,Data source,Sector,Gas,Unit,2018,2017,2016,2015,2014,2013,2012,2011,2010,2009,2008,2007,2006,2005,2004,2003,2002,2001,2000,1999,1998,1997,1996,1995,1994,1993,1992,1991,1990
United States,CAIT,Total including LUCF,All GHG,MtCO₂e,5794.35,5613.64,5676.92,5586.69,5711.15,5690.79,5550.87,5796.78,6041.59,5793.66,6220.21,6397.67,6306.81,6401.12,6387.22,6306.12,6246.95,6406.04,6446.2,6291.25,6293.8,6258.47,6010.62,5843.9,5782.2,5691.26,5583.8,5501.92,5543.47
United States,CAIT,Total including LUCF,CO2,MtCO₂e,4749.57,4581.9,4656.84,4563.52,4683.35,4670.34,4531.16,4753.12,4990.96,4757.65,5161.51,5338.52,5254.87,5354.45,5338.46,5258.12,5192.68,5347.79,5357.88,5191.66,5172.06,5129.29,4864.46,4708.31,4654.52,4581.76,4461.62,4389.5,4426.4
Japan,CAIT,Total including LUCF,All GHG,MtCO₂e,1154.72,1203.32,1225.67,1215.33,1251.32,1289.0,1277.48,1235.29,1130.13,1073.57,1133.32,1200.21,1164.29,1186.26,1185.28,1193.4,1185.65,1153.99,1198.54,1182.31,1156.66,1203.81,1215.95,1201.85,1186.79,1129.63,1137.15,1123.86,1109.37
Japan,CAIT,Total including LUCF,CO2,MtCO₂e,1074.08,1119.86,1139.33,1131.74,1170.11,1211.27,1202.66,1162.67,1057.96,1003.19,1061.73,1128.57,1092.63,1116.25,1113.6,1118.29,1109.5,1073.16,1107.18,1090.14,1055.5,1098.26,1110.51,1097.1,1087.22,1033.99,1041.79,1029.99,1016.89
Germany,CAIT,Total including LUCF,All GHG,MtCO₂e,776.61,803.18,820.7,818.22,814.43,854.7,837.46,823.34,862.97,832.31,889.47,886.8,915.88,909.39,933.79,953.66,954.76,973.21,924.72,934.16,968.6,994.92,1032.92,1004.79,1011.41,1024.31,1032.01,1079.69,1109.28
Canada,CAIT,Total including LUCF,All GHG,MtCO₂e,763.44,745.74,731.11,844.67,848.12,841.21,830.07,825.24,975.84,962.46,999.57,1023.93,992.64,1006.64,995.19,1000.48,981.04,962.37,739.69,723.75,726.1,709.57,696.88,672.53,656.82,636.25,638.22,622.29,626.36
Mexico,CAIT,Total including LUCF,All GHG,MtCO₂e,695.26,694.58,698.62,684.99,659.98,668.85,674.16,680.75,584.23,580.11,595.78,565.29,543.9,521.72,497.06,492.69,469.03,463.07,559.46,533.02,554.43,518.59,490.56,464.6,483.6,458.0,438.32,435.45,417.45
Germany,CAIT,Total including LUCF,CO2,MtCO₂e,680.06,702.73,717.68,713.08,708.25,748.42,730.81,717.17,754.58,716.32,771.22,765.28,795.83,783.85,802.5,818.31,815.01,829.38,778.97,782.33,812.12,819.93,851.78,822.15,824.87,836.08,841.83,881.44,904.38
South Korea,CAIT,Total including LUCF,All GHG,MtCO₂e,673.08,664.54,651.13,635.34,613.81,624.54,624.83,620.34,586.31,533.49,519.83,505.75,496.96,488.66,493.24,469.14,461.26,468.43,469.38,411.82,373.96,438.77,412.92,384.99,352.61,325.01,294.15,269.59,244.25
United States,CAIT,Total including LUCF,CH4,MtCO₂e,623.77,615.77,609.89,618.27,621.45,619.02,618.71,628.73,650.38,649.89,660.1,646.6,653.66,652.8,655.25,660.05,660.48,672.66,680.81,690.45,704.8,723.75,740.53,746.77,759.44,752.41,769.59,770.75,767.47
Australia,CAIT,Total including LUCF,All GHG,MtCO₂e,619.26,623.08,577.32,566.47,566.21,555.26,643.12,644.74,601.14,633.8,617.09,646.46,646.91,598.44,635.5,583.65,660.75,665.72,661.97,643.6,608.08,582.28,571.01,571.19,563.06,559.98,560.3,558.13,558.21
Canada,CAIT,Total including LUCF,CO2,MtCO₂e,609.67,597.4,585.58,693.99,697.02,691.53,682.31,682.88,836.28,822.04,851.45,872.59,842.42,851.37,838.71,846.79,826.9,808.34,580.65,560.63,552.1,543.72,528.32,514.62,503.69,487.56,490.88,477.81,483.99
South Korea,CAIT,Total including LUCF,CO2,MtCO₂e,585.07,579.56,568.98,556.05,535.54,547.18,548.5,546.83,514.14,465.27,453.07,441.38,426.82,419.96,424.78,404.49,401.82,410.4,413.25,358.5,323.23,388.04,366.44,341.87,310.79,284.2,253.77,231.61,206.81
Mexico,CAIT,Total including LUCF,CO2,MtCO₂e,486.58,486.25,493.7,486.44,472.17,483.71,494.56,494.81,402.21,395.03,410.68,395.67,382.98,365.66,347.46,340.27,322.01,316.03,406.79,382.78,395.43,371.54,348.39,328.84,348.29,323.14,312.07,308.41,290.01
Turkey,CAIT,Total including LUCF,All GHG,MtCO₂e,473.87,474.03,432.17,374.18,367.45,342.57,351.35,337.24,331.37,321.6,318.18,319.59,289.65,260.27,247.73,241.45,229.56,219.28,267.48,243.49,243.59,242.39,233.26,215.5,200.92,205.73,199.22,191.74,189.27
United Kingdom,CAIT,Total including LUCF,All GHG,MtCO₂e,441.13,450.24,464.28,486.78,502.84,543.71,562.45,540.98,583.6,570.73,625.56,645.52,661.01,663.91,669.83,674.47,666.82,684.64,673.87,671.25,697.42,701.07,722.68,702.55,711.75,722.61,739.51,761.64,746.4
Australia,CAIT,Total including LUCF,CO2,MtCO₂e,388.81,389.39,386.15,346.53,340.43,349.83,356.33,356.33,416.72,424.33,417.88,414.75,404.44,398.89,394.65,381.38,382.28,374.35,389.23,383.46,378.07,357.18,349.99,339.4,329.03,322.72,318.72,315.07,313.95
Italy,CAIT,Total including LUCF,All GHG,MtCO₂e,386.78,393.01,398.64,381.49,370.58,390.27,422.08,439.93,450.75,442.26,491.14,506.06,512.76,525.16,523.88,512.77,494.23,485.95,488.0,483.07,475.84,464.54,460.76,464.51,439.52,444.81,451.12,454.34,456.75
Turkey,CAIT,Total including LUCF,CO2,MtCO₂e,384.32,387.25,345.94,291.92,280.97,258.5,269.21,258.05,254.16,244.87,244.24,246.01,218.13,192.05,181.64,176.2,165.15,154.82,199.67,175.93,176.91,176.65,168.5,151.32,136.99,138.69,132.88,126.88,122.28
France,CAIT,Total including LUCF,All GHG,MtCO₂e,361.37,370.47,368.04,369.04,363.05,396.16,395.28,392.42,404.32,400.59,418.88,425.14,432.32,442.64,441.98,444.36,439.49,447.09,483.67,486.59,497.02,480.98,490.93,472.18,463.44,469.18,487.97,502.72,477.92
Poland,CAIT,Total including LUCF,All GHG,MtCO₂e,356.74,357.17,344.31,339.15,335.26,348.35,353.7,360.67,320.3,302.33,318.18,324.46,324.47,310.64,309.02,304.75,292.88,300.69,358.79,372.24,382.95,412.81,423.05,408.44,408.95,413.64,414.15,424.94,429.16
United Kingdom,CAIT,Total including LUCF,CO2,MtCO₂e,347.84,355.42,367.93,389.41,403.89,442.1,456.12,433.47,470.83,454.16,503.46,518.2,530.68,529.64,531.36,531.12,519.27,533.53,519.16,511.41,514.07,511.37,533.7,513.33,524.43,529.56,542.02,559.38,545.73
Spain,CAIT,Total including LUCF,All GHG,MtCO₂e,313.06,318.35,301.97,317.67,307.09,308.62,334.71,340.98,330.31,345.5,382.32,415.54,399.28,405.41,390.66,374.51,365.39,348.65,327.4,309.99,285.23,275.71,254.16,260.7,246.79,233.85,248.65,238.82,232.63
Italy,CAIT,Total including LUCF,CO2,MtCO₂e,312.03,316.37,320.52,303.19,292.83,311.79,342.08,362.02,370.56,362.34,410.27,424.66,431.94,439.12,437.69,427.49,408.76,401.86,401.78,398.49,391.85,381.0,377.63,381.89,357.76,362.41,367.75,369.55,370.74
Poland,CAIT,Total including LUCF,CO2,MtCO₂e,279.83,279.92,266.86,261.94,258.63,271.24,276.27,283.51,242.12,225.64,236.73,241.79,242.51,229.77,230.24,226.19,215.84,222.2,282.27,295.56,305.04,331.29,342.0,326.79,326.6,330.86,330.22,338.47,337.06
United States,CAIT,Total including LUCF,N2O,MtCO₂e,251.35,250.68,249.26,243.84,247.18,247.39,246.42,255.55,247.17,241.81,249.17,264.1,260.68,258.41,259.39,260.7,255.98,255.32,263.87,266.72,271.12,274.45,281.25,273.53,270.67,262.64,257.86,251.51,250.21
France,CAIT,Total including LUCF,CO2,MtCO₂e,247.98,254.37,250.72,249.42,243.42,275.53,275.23,272.44,281.45,277.4,291.73,296.43,305.12,314.34,311.47,310.45,304.82,310.56,348.31,350.09,356.3,334.26,343.1,327.43,319.62,324.68,343.81,355.84,331.69
Spain,CAIT,Total including LUCF,CO2,MtCO₂e,244.45,249.55,233.15,248.42,233.1,234.94,261.41,266.54,254.12,268.35,305.03,335.55,322.65,331.38,316.44,299.53,293.62,275.62,250.68,235.67,213.54,205.91,187.41,197.88,185.76,175.41,189.79,179.52,172.32
Netherlands,CAIT,Total including LUCF,All GHG,MtCO₂e,179.99,185.91,189.52,189.7,180.75,188.06,188.48,190.26,203.24,192.44,197.69,199.91,200.03,204.7,210.34,208.78,208.85,209.35,208.55,210.62,223.08,222.95,231.75,220.82,215.43,215.69,210.18,210.79,205.44
United States,CAIT,Total including LUCF,F-Gas,MtCO₂e,169.66,165.29,160.92,161.05,159.16,154.04,154.58,159.37,153.08,144.31,149.44,148.45,137.6,135.45,134.13,127.23,137.81,130.28,143.65,142.42,145.82,130.98,124.38,115.29,97.57,94.45,94.74,90.15,99.39
Netherlands,CAIT,Total including LUCF,CO2,MtCO₂e,152.52,157.27,159.64,159.47,151.26,158.49,158.89,160.24,172.28,161.66,166.5,165.74,164.82,169.08,173.27,171.59,168.66,168.59,163.75,163.09,168.37,167.94,175.38,165.81,158.9,159.74,154.74,155.95,149.83
Mexico,CAIT,Total including LUCF,CH4,MtCO₂e,145.06,144.27,142.31,140.95,131.24,123.34,123.29,130.57,129.1,133.44,134.75,119.69,113.34,109.64,106.85,109.28,105.73,104.36,109.03,106.74,114.51,106.34,101.91,97.55,96.58,95.98,88.15,88.71,88.1
Australia,CAIT,Total including LUCF,CH4,MtCO₂e,139.89,140.33,119.11,134.07,136.22,128.5,167.51,169.32,119.58,133.07,128.75,145.83,150.66,129.13,148.37,130.72,169.22,176.75,169.83,163.9,151.02,150.49,146.29,151.43,152.9,154.07,157.41,157.99,158.28
Czech Republic,CAIT,Total including LUCF,All GHG,MtCO₂e,117.03,118.3,118.28,118.65,116.73,119.45,124.74,128.14,127.45,124.37,132.0,137.06,134.09,133.11,136.18,135.63,131.29,136.91,134.68,124.05,132.16,138.79,141.3,139.69,139.71,147.0,151.72,156.17,172.9
Belgium,CAIT,Total including LUCF,All GHG,MtCO₂e,108.91,108.41,110.52,109.16,104.09,110.5,109.23,109.82,121.44,114.12,121.18,118.84,123.51,126.49,130.35,131.78,128.4,135.68,134.3,134.27,138.13,135.36,138.55,133.19,133.02,127.66,129.84,131.76,126.81
Czech Republic,CAIT,Total including LUCF,CO2,MtCO₂e,96.66,97.6,97.04,97.35,96.12,99.08,103.54,107.35,106.98,104.22,111.36,116.68,113.65,113.05,116.49,115.82,111.58,115.78,113.72,102.5,109.48,115.35,117.3,115.74,115.27,121.54,124.7,127.46,140.76
Canada,CAIT,Total including LUCF,CH4,MtCO₂e,95.53,92.97,90.88,95.59,97.42,95.29,92.87,90.27,90.39,91.84,96.41,99.57,101.58,101.6,103.37,102.51,103.9,105.36,108.29,110.64,115.71,108.86,108.74,102.21,98.36,95.79,93.17,89.14,87.75
Belgium,CAIT,Total including LUCF,CO2,MtCO₂e,93.63,92.93,94.48,92.84,87.8,94.25,92.6,93.21,103.46,96.65,103.92,101.57,105.63,107.6,111.01,112.49,107.84,115.34,113.27,111.59,115.49,112.72,115.53,110.65,110.99,106.19,108.42,110.05,105.4
Israel,CAIT,Total including LUCF,All GHG,MtCO₂e,87.92,91.14,89.51,89.46,87.1,88.51,96.67,89.54,89.32,83.86,84.28,83.61,80.41,76.09,77.43,76.34,75.52,73.5,73.59,68.72,66.52,65.15,62.13,59.03,55.21,51.88,47.82,45.03,43.95
Greece,CAIT,Total including LUCF,All GHG,MtCO₂e,86.14,87.92,88.31,89.58,91.31,94.37,102.01,107.17,107.1,113.81,120.71,124.62,121.21,122.83,120.74,121.13,117.81,117.43,117.05,111.37,110.45,106.21,105.1,104.03,99.62,97.0,96.63,94.55,94.44
Australia,CAIT,Total including LUCF,N2O,MtCO₂e,77.65,80.02,58.3,72.65,76.92,64.99,107.94,108.34,54.94,67.5,62.33,78.73,85.56,63.43,86.27,66.06,104.38,110.29,99.8,93.34,75.74,71.87,71.89,77.51,77.65,77.79,77.98,78.81,79.73
New Zealand,CAIT,Total including LUCF,All GHG,MtCO₂e,70.71,71.45,69.8,64.97,65.02,64.53,64.95,62.69,57.14,57.36,60.16,60.14,61.43,61.17,59.66,61.02,58.59,57.05,51.29,51.14,48.89,50.39,48.09,47.55,46.29,44.56,45.48,44.62,45.17
Austria,CAIT,Total including LUCF,All GHG,MtCO₂e,67.85,70.71,68.53,68.41,67.28,71.05,70.5,73.72,76.55,70.83,77.79,78.22,81.31,83.63,83.59,82.77,77.69,76.39,64.76,64.56,66.38,66.4,67.41,63.69,61.22,61.12,61.2,66.99,62.79
Portugal,CAIT,Total including LUCF,All GHG,MtCO₂e,67.15,71.77,66.81,66.64,62.51,62.92,64.62,66.31,68.6,73.87,74.74,76.99,78.41,83.7,80.6,78.71,83.6,78.72,80.33,80.82,74.08,68.93,66.63,68.18,64.41,62.5,63.58,59.56,57.84
Greece,CAIT,Total including LUCF,CO2,MtCO₂e,66.68,68.19,68.25,69.41,70.95,73.89,81.49,85.95,86.49,93.65,99.32,103.23,99.62,100.86,98.76,99.14,95.52,95.53,93.53,86.47,86.2,82.84,81.83,81.91,78.81,77.17,77.25,74.89,74.69
Hungary,CAIT,Total including LUCF,All GHG,MtCO₂e,62.81,62.78,60.86,59.67,56.74,56.47,58.81,62.68,64.35,64.37,70.22,71.63,73.8,74.57,75.48,76.67,73.79,75.63,72.67,75.48,74.76,74.9,76.57,74.3,75.97,76.32,75.77,85.72,90.74
Ireland,CAIT,Total including LUCF,All GHG,MtCO₂e,62.29,62.45,63.08,61.1,59.3,59.14,60.06,58.41,62.91,64.27,69.64,70.69,72.32,71.35,70.13,70.9,70.62,71.35,68.77,65.8,64.24,60.84,59.34,57.85,57.02,55.54,54.89,54.68,54.11
Israel,CAIT,Total including LUCF,CO2,MtCO₂e,62.05,66.12,65.34,66.09,64.67,66.95,76.01,69.77,70.51,65.71,66.7,66.58,64.32,60.98,63.15,62.88,61.07,57.94,56.97,52.96,51.48,50.94,48.71,46.75,43.34,40.48,36.83,34.5,33.78
Finland,CAIT,Total including LUCF,All GHG,MtCO₂e,61.43,60.02,62.88,-1.07,2.38,6.47,5.73,11.43,59.29,51.19,54.8,62.92,64.75,53.39,65.56,69.47,61.32,58.93,37.79,39.13,39.81,43.45,45.39,38.94,42.92,36.31,35.07,38.18,38.27
France,CAIT,Total including LUCF,CH4,MtCO₂e,58.34,59.16,59.94,61.05,61.86,62.73,63.14,63.99,66.0,66.37,67.75,67.9,67.97,68.98,70.21,71.55,73.03,75.14,75.38,74.29,74.58,74.58,76.18,77.02,76.71,76.8,76.64,77.38,77.45
Austria,CAIT,Total including LUCF,CO2,MtCO₂e,56.06,58.71,56.27,56.08,54.92,58.68,58.04,61.2,63.79,58.26,64.56,65.08,67.93,70.07,69.63,68.3,63.2,61.75,50.06,49.58,51.2,50.75,51.43,47.71,44.81,44.33,44.19,48.95,44.8
Germany,CAIT,Total including LUCF,CH4,MtCO₂e,53.37,54.78,55.52,56.8,57.16,58.31,59.22,58.69,59.92,60.91,63.51,64.32,66.72,70.65,74.53,80.51,84.88,89.1,94.11,98.5,99.14,105.27,108.86,111.9,113.71,118.58,119.25,127.0,131.62
Chile,CAIT,Total including LUCF,All GHG,MtCO₂e,51.77,52.77,50.37,23.21,17.45,23.68,20.68,18.43,57.15,52.36,55.06,50.39,42.17,40.85,40.23,34.93,34.08,33.28,54.22,57.97,55.16,53.95,46.64,40.3,36.84,33.32,31.95,29.62,30.34
South Korea,CAIT,Total including LUCF,F-Gas,MtCO₂e,51.71,48.79,45.86,42.94,41.78,40.46,39.2,37.79,36.77,33.88,31.95,29.47,26.74,23.94,22.38,20.34,18.51,16.96,15.71,13.6,11.61,9.89,7.04,4.76,3.99,3.22,2.48,1.74,1.0
Finland,CAIT,Total including LUCF,CO2,MtCO₂e,51.3,49.7,52.33,-11.81,-8.47,-4.46,-5.25,0.44,47.7,39.31,41.74,50.15,52.06,40.47,52.66,56.53,48.21,45.79,24.44,25.64,26.22,29.53,31.47,24.98,28.8,22.34,21.15,24.01,23.44
United Kingdom,CAIT,Total including LUCF,CH4,MtCO₂e,51.21,51.63,52.05,52.15,53.78,56.72,61.44,63.08,65.75,70.63,74.84,79.81,83.52,87.54,92.03,96.66,102.04,104.03,107.46,111.72,117.13,120.74,122.84,124.1,122.3,129.28,130.76,131.08,129.97
Portugal,CAIT,Total including LUCF,CO2,MtCO₂e,50.07,53.63,49.06,49.04,45.12,45.75,47.42,49.06,51.53,56.89,57.43,59.39,61.04,66.07,62.72,61.11,66.19,61.97,63.11,63.66,57.06,52.39,50.2,52.16,48.77,47.26,48.24,44.23,42.53
Hungary,CAIT,Total including LUCF,CO2,MtCO₂e,48.28,48.45,46.39,44.72,41.96,42.1,44.77,48.25,50.15,50.11,55.29,56.13,57.73,58.23,58.66,60.56,58.0,58.7,56.26,59.53,58.98,58.62,60.1,59.07,59.41,60.01,59.63,66.18,69.04
Poland,CAIT,Total including LUCF,CH4,MtCO₂e,47.54,47.24,46.8,47.48,47.09,47.67,47.54,48.08,49.4,49.27,50.58,50.9,51.67,51.52,51.08,51.6,51.29,52.88,51.25,52.44,53.49,55.74,55.93,56.76,58.03,58.75,60.62,62.28,67.02
Turkey,CAIT,Total including LUCF,CH4,MtCO₂e,47.4,44.98,44.51,42.46,47.59,45.85,46.61,45.11,43.78,43.82,44.03,42.36,39.9,38.49,37.14,37.06,37.34,37.96,38.8,38.15,37.25,37.72,36.95,37.04,37.03,37.61,37.75,37.08,38.24
Denmark,CAIT,Total including LUCF,All GHG,MtCO₂e,46.73,47.02,49.19,44.65,46.73,50.98,49.44,54.51,61.79,61.36,64.17,67.65,72.46,64.69,68.54,74.87,69.44,69.7,68.8,73.01,75.85,79.91,89.58,76.11,79.2,75.5,72.94,79.13,68.51
Canada,CAIT,Total including LUCF,N2O,MtCO₂e,44.81,42.04,41.42,42.67,42.17,42.92,43.61,41.5,39.17,38.91,42.4,42.49,38.77,43.34,42.69,41.12,40.22,38.95,40.16,42.58,47.89,47.73,50.81,46.68,45.11,42.84,43.07,42.53,42.92
Switzerland,CAIT,Total including LUCF,All GHG,MtCO₂e,43.78,44.96,45.95,45.49,46.26,50.06,49.04,47.81,51.74,50.18,51.65,50.06,51.99,52.29,51.6,51.15,49.96,51.64,50.89,51.69,51.57,50.03,51.49,50.9,49.97,50.85,53.31,53.4,51.19
Italy,CAIT,Total including LUCF,CH4,MtCO₂e,43.67,44.37,44.68,45.01,45.1,45.96,47.94,47.08,49.28,49.12,49.33,49.15,49.13,50.19,50.26,51.43,52.0,51.91,53.87,53.19,53.35,53.78,53.4,52.87,53.19,52.99,53.52,53.53,54.57
Mexico,CAIT,Total including LUCF,N2O,MtCO₂e,42.74,43.93,43.25,39.01,38.59,44.42,40.02,39.11,37.66,37.49,36.95,37.65,36.94,38.08,35.15,36.64,35.18,37.47,38.31,38.18,40.22,36.55,36.64,36.37,37.0,36.89,36.4,36.36,37.47
Japan,CAIT,Total including LUCF,F-Gas,MtCO₂e,41.5,44.14,46.79,43.46,39.79,35.86,33.22,30.04,27.64,24.9,25.16,24.31,22.95,20.76,21.65,25.25,25.59,29.12,35.14,37.88,40.12,41.44,41.26,40.12,33.93,31.12,30.23,28.97,26.3
Spain,CAIT,Total including LUCF,CH4,MtCO₂e,39.94,39.63,39.27,39.22,37.67,38.08,38.68,39.22,39.45,40.94,39.35,40.88,40.13,40.57,40.75,40.99,40.84,40.43,39.8,39.04,38.45,38.02,36.19,35.32,34.88,34.46,34.86,34.37,34.26
Slovakia,CAIT,Total including LUCF,All GHG,MtCO₂e,38.86,39.42,37.52,30.16,29.74,32.39,31.75,34.06,34.76,33.17,36.81,36.94,37.92,38.39,37.5,38.16,37.87,38.43,36.76,39.35,40.81,42.0,42.19,42.15,41.56,44.27,46.97,49.51,57.56
France,CAIT,Total including LUCF,N2O,MtCO₂e,38.03,38.51,37.55,38.91,38.31,38.32,37.27,36.67,38.63,39.67,42.11,44.03,43.15,44.01,45.28,47.78,47.83,50.16,49.27,51.5,57.06,64.02,64.47,61.82,60.75,59.88,59.51,61.6,61.16
Switzerland,CAIT,Total including LUCF,CO2,MtCO₂e,35.23,36.38,37.37,36.82,37.51,41.27,40.26,38.98,42.85,41.31,42.6,41.18,43.12,43.49,42.93,42.49,41.23,42.83,42.24,43.06,42.78,41.28,42.54,41.98,41.13,41.99,44.25,44.21,41.87
Turkey,CAIT,Total including LUCF,N2O,MtCO₂e,34.38,34.62,35.14,32.88,32.07,32.13,29.59,28.89,28.75,29.47,26.39,27.89,28.77,27.15,26.64,26.22,25.36,25.02,27.63,28.09,28.14,26.83,26.68,26.05,25.68,28.49,27.3,26.32,27.51
Ireland,CAIT,Total including LUCF,CO2,MtCO₂e,34.32,34.74,35.91,34.75,33.3,33.47,34.85,34.11,38.5,38.89,44.22,44.89,45.68,44.65,42.73,42.09,41.92,42.79,40.15,37.81,36.2,33.68,32.51,31.05,30.45,29.26,29.13,29.05,28.53
Denmark,CAIT,Total including LUCF,CO2,MtCO₂e,34.23,34.19,36.23,31.65,33.81,38.03,36.25,41.14,48.16,47.87,50.1,53.38,58.19,50.25,53.87,59.33,53.96,53.84,53.04,57.29,60.08,64.06,73.65,60.26,63.53,59.63,57.35,63.07,52.43
Germany,CAIT,Total including LUCF,N2O,MtCO₂e,32.9,34.58,35.6,36.24,37.02,36.12,35.54,35.65,36.99,43.88,43.66,45.81,41.99,43.62,45.57,44.22,44.47,44.94,43.24,44.96,48.49,61.41,64.01,62.92,64.81,61.23,64.37,64.46,65.85
New Zealand,CAIT,Total including LUCF,CH4,MtCO₂e,32.53,32.63,32.81,32.81,33.67,33.37,33.55,33.19,33.35,33.33,32.95,33.47,33.83,33.57,33.62,33.7,33.61,32.88,32.59,33.15,32.75,33.34,33.27,33.54,32.77,31.85,31.93,32.23,32.84
Slovakia,CAIT,Total including LUCF,CO2,MtCO₂e,31.93,32.51,30.43,23.15,22.84,25.34,24.76,26.53,27.05,25.44,28.64,28.82,29.48,30.12,29.04,29.94,29.68,30.18,28.64,31.22,31.97,32.84,32.74,32.94,32.27,34.89,36.66,38.5,45.38
Sweden,CAIT,Total including LUCF,All GHG,MtCO₂e,30.05,32.5,32.87,27.85,27.95,29.28,30.98,33.83,49.08,43.5,47.38,48.52,50.61,52.14,55.69,57.11,56.12,54.79,69.41,73.6,74.87,74.08,80.33,74.78,75.23,73.42,73.46,70.91,70.26
Chile,CAIT,Total including LUCF,CO2,MtCO₂e,28.75,29.17,28.29,0.62,-4.97,1.59,-2.86,-4.88,33.63,29.28,32.16,28.66,20.96,19.63,18.64,13.83,12.6,11.78,32.46,36.41,34.04,33.19,26.69,20.89,18.01,14.94,14.12,12.19,13.05
Norway,CAIT,Total including LUCF,All GHG,MtCO₂e,28.42,27.97,29.02,29.65,29.38,29.11,30.03,31.17,29.06,24.7,25.29,26.77,26.14,25.72,26.97,26.45,24.51,25.04,32.21,37.58,35.64,34.06,32.45,31.6,32.28,30.74,28.89,28.34,30.91
United Kingdom,CAIT,Total including LUCF,N2O,MtCO₂e,28.29,28.28,28.28,28.46,28.34,28.31,28.56,28.48,29.49,29.31,31.04,31.56,31.28,31.9,32.63,31.79,31.82,33.84,34.62,34.42,44.07,43.83,43.81,44.04,45.38,45.2,48.99,53.37,53.26
South Korea,CAIT,Total including LUCF,CH4,MtCO₂e,25.53,25.6,25.77,25.96,26.18,26.68,26.86,26.63,26.78,26.23,26.17,26.18,26.46,26.43,26.31,27.15,27.07,26.94,26.44,26.46,26.62,28.32,28.01,27.44,27.67,27.8,28.27,28.9,29.18
New Zealand,CAIT,Total including LUCF,CO2,MtCO₂e,21.59,22.31,20.57,15.47,15.07,15.03,15.3,13.64,8.3,8.49,11.54,10.57,11.48,11.43,10.04,10.62,8.76,8.9,3.6,2.82,1.45,1.93,-0.39,-1.5,-1.61,-1.98,-1.49,-3.27,-3.58
Poland,CAIT,Total including LUCF,N2O,MtCO₂e,21.48,21.55,21.62,20.68,20.5,21.03,21.89,21.42,21.74,21.02,24.35,25.57,24.67,24.59,23.76,23.68,23.04,23.5,23.72,23.27,23.65,25.11,24.6,24.55,24.04,23.78,23.11,24.01,24.92
Japan,CAIT,Total including LUCF,CH4,MtCO₂e,21.12,21.23,21.45,21.9,22.6,23.14,23.43,23.77,24.93,25.25,25.74,26.39,26.75,27.13,27.47,27.58,28.07,28.88,30.13,30.75,31.29,32.76,33.5,34.98,36.17,36.47,37.08,37.18,37.86
Mexico,CAIT,Total including LUCF,F-Gas,MtCO₂e,20.89,20.12,19.35,18.59,17.98,17.38,16.29,16.26,15.26,14.14,13.4,12.29,10.64,8.34,7.6,6.5,6.1,5.21,5.32,5.32,4.28,4.17,3.62,1.84,1.74,1.99,1.7,1.97,1.87
Estonia,CAIT,Total including LUCF,All GHG,MtCO₂e,20.56,20.86,20.21,11.95,14.39,15.72,13.31,14.54,20.26,16.26,19.66,21.2,17.18,18.41,18.26,18.1,16.15,16.56,16.08,16.43,17.37,17.88,18.3,17.42,19.11,19.99,25.79,33.58,37.37
Spain,CAIT,Total including LUCF,N2O,MtCO₂e,20.35,20.17,19.87,20.11,19.96,19.15,18.27,18.96,20.02,19.67,20.07,22.19,21.72,21.31,22.63,23.38,22.41,22.78,23.73,23.57,23.56,22.26,22.5,20.37,20.55,19.87,19.3,20.91,21.69
Sweden,CAIT,Total including LUCF,CO2,MtCO₂e,19.68,21.76,22.14,17.0,16.89,18.3,19.9,22.31,37.15,31.76,34.94,35.88,37.61,38.88,42.17,43.7,42.49,40.95,55.31,59.21,60.26,59.26,65.52,60.1,60.35,58.36,58.61,56.1,55.21
Norway,CAIT,Total including LUCF,CO2,MtCO₂e,18.43,17.95,18.99,19.7,19.34,19.27,20.16,21.2,19.05,14.63,14.23,15.16,14.51,13.52,14.6,14.25,11.6,11.91,19.02,24.3,22.47,20.75,18.99,18.05,18.63,16.98,15.4,12.21,14.15
Japan,CAIT,Total including LUCF,N2O,MtCO₂e,18.02,18.09,18.11,18.23,18.81,18.74,18.17,18.81,19.6,20.22,20.68,20.94,21.96,22.13,22.56,22.29,22.49,22.83,26.1,23.53,29.76,31.35,30.69,29.66,29.47,28.06,28.04,27.72,28.33
Estonia,CAIT,Total including LUCF,CO2,MtCO₂e,17.96,18.21,17.58,9.21,11.67,13.04,10.63,11.9,17.58,13.63,16.96,18.52,14.54,15.77,15.55,15.44,13.46,13.87,13.38,13.7,14.59,15.09,15.46,14.48,16.08,16.52,21.97,29.58,33.23
Italy,CAIT,Total including LUCF,N2O,MtCO₂e,17.91,17.99,18.06,18.08,17.85,18.38,18.54,17.9,18.91,19.49,21.04,22.53,22.92,27.92,29.0,27.82,28.18,27.71,28.87,28.58,28.34,27.91,28.24,27.97,27.06,27.83,28.11,28.82,28.6
Slovenia,CAIT,Total including LUCF,All GHG,MtCO₂e,17.51,17.65,17.48,13.68,13.6,15.15,15.79,16.4,7.56,7.26,9.25,8.26,8.33,7.96,7.76,7.54,7.57,7.5,8.76,9.06,9.75,10.02,9.54,8.72,7.85,7.77,7.06,7.32,8.35
Netherlands,CAIT,Total including LUCF,CH4,MtCO₂e,17.26,17.96,18.83,19.0,18.7,18.88,18.89,19.3,19.91,19.94,20.19,19.73,19.55,20.13,21.4,21.88,22.68,23.76,24.4,25.5,26.59,27.53,28.99,29.63,30.25,30.98,31.56,32.04,31.7
France,CAIT,Total including LUCF,F-Gas,MtCO₂e,17.01,18.42,19.83,19.66,19.45,19.59,19.64,19.32,18.23,17.16,17.3,16.78,16.07,15.31,15.01,14.58,13.81,11.24,10.72,10.7,9.08,8.12,7.18,5.9,6.36,7.82,8.01,7.9,7.62
Ireland,CAIT,Total including LUCF,CH4,MtCO₂e,16.82,16.77,16.49,15.86,15.58,15.24,14.84,14.4,14.39,14.89,15.16,15.4,16.06,16.1,16.58,17.52,16.95,17.05,16.97,16.48,16.44,16.0,16.0,16.01,15.96,15.93,15.8,15.75,15.46
New Zealand,CAIT,Total including LUCF,N2O,MtCO₂e,15.04,15.01,14.97,15.06,14.77,14.64,14.67,14.45,14.28,14.39,14.58,15.08,15.18,15.35,15.22,15.94,15.65,14.89,14.77,14.83,14.43,14.76,14.83,15.29,14.91,14.46,14.57,14.74,14.99
Slovenia,CAIT,Total including LUCF,CO2,MtCO₂e,14.39,14.49,14.27,10.54,10.55,11.97,12.54,13.1,4.28,4.01,5.86,4.77,4.78,4.4,4.18,3.89,4.0,3.85,5.18,5.54,6.1,6.32,5.89,5.07,4.2,4.16,3.42,3.34,4.13
United Kingdom,CAIT,Total including LUCF,F-Gas,MtCO₂e,13.79,14.91,16.02,16.76,16.84,16.58,16.32,15.95,17.53,16.64,16.23,15.95,15.53,14.83,13.81,14.9,13.69,13.24,12.63,13.71,22.15,25.14,22.33,21.09,19.63,18.56,17.74,17.8,17.44
Chile,CAIT,Total including LUCF,CH4,MtCO₂e,13.5,13.72,13.05,13.11,13.29,13.07,14.14,13.95,13.82,13.75,13.65,13.41,13.57,13.82,13.91,13.96,14.12,14.27,14.51,14.51,14.4,14.17,13.69,13.45,13.16,12.93,12.63,12.43,12.32
Canada,CAIT,Total including LUCF,F-Gas,MtCO₂e,13.42,13.33,13.23,12.42,11.52,11.47,11.28,10.59,9.99,9.67,9.32,9.28,9.86,10.33,10.41,10.05,10.01,9.72,10.6,9.89,10.4,9.27,9.02,9.02,9.65,10.05,11.1,12.82,11.7
Italy,CAIT,Total including LUCF,F-Gas,MtCO₂e,13.17,14.28,15.38,15.21,14.81,14.15,13.51,12.93,12.01,11.31,10.51,9.73,8.78,7.93,6.93,6.03,5.29,4.48,3.48,2.81,2.3,1.86,1.49,1.78,1.5,1.58,1.73,2.44,2.84
Australia,CAIT,Total including LUCF,F-Gas,MtCO₂e,12.92,13.34,13.76,13.22,12.63,11.94,11.34,10.75,9.9,8.91,8.13,7.16,6.25,6.99,6.21,5.49,4.88,4.32,3.11,2.9,3.26,2.74,2.83,2.84,3.48,5.42,6.19,6.27,6.25
Czech Republic,CAIT,Total including LUCF,CH4,MtCO₂e,12.43,12.43,12.44,12.73,12.72,12.79,13.59,13.75,13.78,13.58,13.92,13.83,14.28,14.05,13.68,14.1,14.19,14.75,15.02,15.89,16.81,17.56,17.96,18.14,18.68,19.88,20.88,22.39,23.91
Israel,CAIT,Total including LUCF,CH4,MtCO₂e,12.07,11.89,11.73,11.58,10.9,10.23,9.55,8.88,8.21,8.24,8.08,8.0,7.85,7.48,6.9,6.41,7.71,9.05,10.36,10.29,10.21,10.13,10.07,9.76,9.48,9.18,8.9,8.61,8.35
Israel,CAIT,Total including LUCF,F-Gas,MtCO₂e,11.44,10.81,10.18,9.54,9.36,9.17,8.98,8.79,8.61,7.99,7.38,6.76,6.15,5.53,5.28,5.03,4.77,4.52,4.27,3.57,2.86,2.16,1.45,0.75,0.64,0.53,0.42,0.32,0.21
Portugal,CAIT,Total including LUCF,CH4,MtCO₂e,11.33,11.76,11.44,11.45,11.41,11.44,11.64,11.88,11.58,11.64,11.82,12.27,12.42,12.64,12.98,12.91,12.57,12.33,12.59,12.61,12.55,12.28,12.14,11.94,11.73,11.32,11.36,11.27,11.18
South Korea,CAIT,Total including LUCF,N2O,MtCO₂e,10.77,10.6,10.51,10.39,10.31,10.22,10.29,9.09,8.62,8.11,8.63,8.71,16.93,18.33,19.76,17.16,13.86,14.13,13.97,13.26,12.5,12.52,11.44,10.93,10.17,9.79,9.63,7.34,7.26
Germany,CAIT,Total including LUCF,F-Gas,MtCO₂e,10.28,11.09,11.9,12.1,11.99,11.87,11.89,11.82,11.47,11.19,11.08,11.4,11.33,11.27,11.18,10.62,10.41,9.77,8.4,8.37,8.85,8.31,8.26,7.82,8.02,8.41,6.57,6.8,7.44
Ireland,CAIT,Total including LUCF,N2O,MtCO₂e,10.06,9.76,9.42,9.36,9.23,9.3,9.37,8.87,8.99,9.44,9.19,9.23,9.41,9.59,9.84,10.18,10.78,10.47,10.71,10.81,11.08,10.59,10.44,10.52,10.49,10.26,9.91,9.83,10.09
Luxembourg,CAIT,Total including LUCF,All GHG,MtCO₂e,9.94,9.64,9.5,9.81,10.32,10.81,11.34,11.59,11.46,10.86,11.44,11.52,12.11,12.3,12.07,10.63,10.23,9.44,8.85,8.23,7.84,8.52,9.02,8.94,11.09,11.93,11.72,12.04,11.56
Greece,CAIT,Total including LUCF,CH4,MtCO₂e,9.67,9.47,9.41,9.72,9.89,10.02,10.37,10.53,10.73,10.53,10.84,10.94,10.95,10.87,10.9,10.71,10.68,10.66,11.48,11.35,11.54,11.21,11.26,11.05,10.99,10.79,10.7,10.6,10.71
Luxembourg,CAIT,Total including LUCF,CO2,MtCO₂e,9.04,8.72,8.58,8.89,9.41,9.91,10.45,10.69,10.54,9.95,10.53,10.62,11.22,11.42,11.17,9.75,9.33,8.63,8.03,7.31,6.95,7.63,8.12,8.04,10.2,11.03,10.83,11.14,10.68
Latvia,CAIT,Total including LUCF,All GHG,MtCO₂e,8.89,8.47,8.56,8.83,8.76,8.84,8.89,9.1,-1.41,-2.59,-1.8,-1.48,-1.91,-2.44,-2.6,-2.69,-2.83,-2.87,-2.21,-1.52,-0.87,-0.44,0.12,0.13,1.8,4.78,7.97,10.66,12.38
Spain,CAIT,Total including LUCF,F-Gas,MtCO₂e,8.31,9.0,9.69,9.92,16.37,16.44,16.36,16.26,16.72,16.54,17.87,16.92,14.78,12.16,10.84,10.6,8.52,9.82,13.19,11.71,9.69,9.52,8.06,7.13,5.6,4.1,4.7,4.01,4.37
Belgium,CAIT,Total including LUCF,CH4,MtCO₂e,8.2,8.18,8.45,8.54,8.54,8.63,8.84,9.01,9.26,9.37,9.45,9.64,9.86,10.0,10.27,10.4,11.07,11.6,12.12,12.6,12.53,12.78,12.98,13.11,12.98,12.95,13.14,13.32,13.23
Poland,CAIT,Total including LUCF,F-Gas,MtCO₂e,7.89,8.46,9.03,9.05,9.03,8.4,8.0,7.66,7.04,6.4,6.51,6.21,5.61,4.75,3.94,3.28,2.71,2.12,1.55,0.96,0.76,0.67,0.52,0.34,0.29,0.25,0.21,0.18,0.15
Netherlands,CAIT,Total including LUCF,N2O,MtCO₂e,7.79,8.08,8.29,8.51,8.17,7.86,7.93,7.83,7.99,8.17,8.23,11.71,13.18,13.26,13.3,12.67,12.83,13.39,14.04,14.5,14.75,15.07,15.33,15.39,15.76,16.05,15.67,15.6,15.45
Turkey,CAIT,Total including LUCF,F-Gas,MtCO₂e,7.77,7.17,6.57,6.92,6.83,6.09,5.94,5.18,4.69,3.44,3.52,3.34,2.86,2.59,2.31,1.97,1.7,1.48,1.38,1.32,1.29,1.19,1.12,1.1,1.22,0.94,1.29,1.46,1.24
Denmark,CAIT,Total including LUCF,CH4,MtCO₂e,7.14,7.09,7.17,7.18,7.21,7.34,7.47,7.62,7.78,7.57,7.8,8.03,8.02,8.14,8.32,8.55,8.64,8.89,8.65,8.74,8.95,8.96,9.07,9.03,8.96,9.11,8.97,8.98,8.86
Hungary,CAIT,Total including LUCF,CH4,MtCO₂e,7.12,7.14,7.2,7.21,7.29,7.46,7.64,7.78,7.95,7.99,8.01,8.12,8.24,8.38,8.61,9.03,8.77,8.87,8.95,8.8,8.73,8.93,9.03,8.82,9.44,9.96,10.49,11.68,11.74
Austria,CAIT,Total including LUCF,CH4,MtCO₂e,6.67,6.74,6.8,6.88,6.95,7.11,7.25,7.41,7.58,7.6,7.79,7.88,8.06,8.23,8.44,8.53,8.69,8.8,8.94,9.17,9.31,9.59,9.89,10.12,10.61,10.99,11.32,11.51,11.57
Chile,CAIT,Total including LUCF,N2O,MtCO₂e,6.43,6.99,6.35,7.01,6.86,6.96,7.55,7.72,8.27,8.02,8.06,7.24,6.68,6.55,6.9,6.42,6.71,6.64,6.73,6.62,6.34,6.28,6.02,5.8,5.51,5.3,5.06,4.86,4.85
Hungary,CAIT,Total including LUCF,N2O,MtCO₂e,5.79,5.45,5.42,5.26,5.27,5.45,5.04,5.16,4.86,5.0,5.52,6.06,6.6,6.82,7.18,6.23,6.3,7.42,6.9,6.55,6.63,7.02,7.14,6.1,6.85,6.1,5.43,7.51,9.57
Greece,CAIT,Total including LUCF,F-Gas,MtCO₂e,5.35,5.79,6.24,6.02,5.88,5.78,5.16,4.74,4.46,4.56,4.88,4.95,4.96,5.14,4.99,4.8,5.16,4.85,5.37,6.82,5.92,5.29,4.88,4.22,2.79,2.15,1.34,1.59,1.38
Czech Republic,CAIT,Total including LUCF,N2O,MtCO₂e,5.17,5.28,5.6,5.57,5.11,4.99,5.14,4.72,4.56,4.7,4.94,5.03,5.0,5.13,5.2,4.98,4.89,5.86,5.51,5.31,5.56,5.62,5.87,5.68,5.65,5.47,6.04,6.23,8.15
Sweden,CAIT,Total including LUCF,N2O,MtCO₂e,4.92,5.1,4.96,4.99,4.94,4.75,4.69,4.8,5.05,4.85,5.08,4.9,5.03,5.08,5.19,5.15,5.19,5.27,5.49,5.58,5.74,5.79,5.85,5.7,5.88,6.01,5.81,5.7,5.92
Latvia,CAIT,Total including LUCF,CO2,MtCO₂e,4.85,4.33,4.37,4.64,4.6,4.8,4.92,5.24,-5.28,-6.45,-5.71,-5.3,-5.65,-6.14,-6.24,-6.29,-6.54,-6.54,-5.77,-5.24,-4.72,-4.34,-3.87,-3.89,-2.74,-1.2,1.01,4.27,5.84
Norway,CAIT,Total including LUCF,CH4,MtCO₂e,4.85,4.93,4.99,5.07,5.16,5.1,5.13,5.21,5.32,5.29,5.31,5.49,5.41,5.52,5.77,5.78,5.71,5.88,5.85,5.76,5.96,6.17,6.13,6.09,6.13,6.07,6.0,5.9,5.85
Switzerland,CAIT,Total including LUCF,CH4,MtCO₂e,4.79,4.83,4.86,4.9,4.96,5.0,5.06,5.11,5.18,5.19,5.29,5.25,5.3,5.3,5.29,5.36,5.48,5.53,5.48,5.55,5.68,5.76,5.96,6.0,6.06,6.11,6.25,6.34,6.45
Denmark,CAIT,Total including LUCF,N2O,MtCO₂e,4.74,5.08,5.08,5.1,4.94,4.76,4.85,4.81,4.84,4.92,5.22,5.2,5.23,5.31,5.42,6.13,6.01,6.19,6.37,6.37,6.32,6.49,6.48,6.54,6.51,6.62,6.59,7.05,7.19
Finland,CAIT,Total including LUCF,N2O,MtCO₂e,4.67,4.65,4.65,4.68,4.7,4.65,4.58,4.57,5.04,5.37,6.49,6.17,5.98,6.33,6.12,5.98,5.98,5.8,5.88,5.84,5.84,6.0,5.97,5.96,5.98,5.81,5.71,5.88,6.45
Sweden,CAIT,Total including LUCF,CH4,MtCO₂e,4.59,4.72,4.77,4.84,5.05,5.18,5.29,5.46,5.62,5.74,5.9,6.2,6.48,6.65,6.88,6.87,7.08,7.31,7.44,7.67,7.9,8.1,8.18,8.2,8.35,8.47,8.54,8.42,8.45
Belgium,CAIT,Total including LUCF,N2O,MtCO₂e,4.46,4.44,4.49,4.79,4.74,4.77,4.93,4.88,6.13,5.63,5.54,5.49,6.09,7.09,7.33,7.24,8.01,7.5,7.76,9.12,9.19,9.1,9.41,8.9,8.53,8.0,7.77,8.12,8.16
Greece,CAIT,Total including LUCF,N2O,MtCO₂e,4.45,4.47,4.41,4.43,4.59,4.7,4.99,5.95,5.42,5.07,5.66,5.5,5.68,5.95,6.09,6.49,6.45,6.39,6.66,6.72,6.79,6.87,7.13,6.83,7.04,6.9,7.33,7.46,7.67
Slovakia,CAIT,Total including LUCF,CH4,MtCO₂e,4.36,4.36,4.38,4.32,4.21,4.45,4.29,4.77,4.64,4.54,4.78,4.7,4.83,5.03,5.14,5.13,5.2,5.28,5.4,5.7,5.92,6.04,6.23,6.15,6.31,6.74,7.27,7.69,7.85
Finland,CAIT,Total including LUCF,CH4,MtCO₂e,4.24,4.34,4.47,4.6,4.67,4.81,4.94,4.99,5.15,5.12,5.23,5.36,5.54,5.49,5.78,6.03,6.29,6.57,6.76,7.1,7.3,7.57,7.7,7.82,8.05,8.15,8.18,8.25,8.34
Austria,CAIT,Total including LUCF,N2O,MtCO₂e,3.62,3.63,3.7,3.68,3.68,3.62,3.59,3.55,3.52,3.53,3.79,3.66,3.77,3.81,3.79,4.34,4.35,4.46,4.59,4.63,4.63,4.64,4.69,4.59,4.6,4.65,4.7,4.91,4.9
Iceland,CAIT,Total including LUCF,All GHG,MtCO₂e,3.35,3.34,3.22,3.25,3.21,3.14,2.98,2.99,3.24,3.36,3.7,3.81,3.8,3.33,3.37,3.3,3.33,3.27,3.43,3.4,3.42,3.27,3.29,3.04,3.1,3.02,3.06,3.26,3.38
Norway,CAIT,Total including LUCF,N2O,MtCO₂e,3.19,3.21,3.22,3.21,3.19,3.14,3.15,3.16,3.16,3.29,3.85,4.26,4.47,4.81,4.74,4.6,4.75,4.54,4.61,4.82,4.6,4.57,4.58,4.56,4.53,4.44,4.23,4.78,4.91
Portugal,CAIT,Total including LUCF,N2O,MtCO₂e,3.11,3.51,3.23,3.21,3.2,3.08,3.08,3.05,3.35,3.39,3.72,3.81,3.67,3.89,3.95,3.86,4.14,3.86,4.17,4.19,4.17,4.03,4.12,3.95,3.79,3.82,3.91,4.0,4.1
Chile,CAIT,Total including LUCF,F-Gas,MtCO₂e,3.09,2.88,2.68,2.47,2.26,2.05,1.85,1.64,1.43,1.31,1.2,1.08,0.97,0.85,0.78,0.72,0.65,0.58,0.52,0.45,0.38,0.31,0.24,0.17,0.16,0.15,0.14,0.13,0.12
Czech Republic,CAIT,Total including LUCF,F-Gas,MtCO₂e,2.77,2.98,3.2,3.0,2.78,2.59,2.47,2.33,2.13,1.87,1.79,1.53,1.16,0.89,0.8,0.73,0.63,0.53,0.42,0.34,0.31,0.26,0.18,0.13,0.12,0.11,0.1,0.09,0.09
Portugal,CAIT,Total including LUCF,F-Gas,MtCO₂e,2.64,2.86,3.09,2.93,2.78,2.65,2.48,2.32,2.15,1.96,1.76,1.52,1.29,1.11,0.94,0.82,0.69,0.56,0.45,0.37,0.29,0.22,0.16,0.14,0.12,0.1,0.08,0.05,0.03
Belgium,CAIT,Total including LUCF,F-Gas,MtCO₂e,2.62,2.86,3.09,2.99,3.01,2.86,2.86,2.73,2.59,2.46,2.27,2.14,1.92,1.8,1.74,1.65,1.48,1.25,1.16,0.97,0.91,0.75,0.63,0.53,0.53,0.52,0.52,0.27,0.03
Netherlands,CAIT,Total including LUCF,F-Gas,MtCO₂e,2.41,2.59,2.77,2.72,2.62,2.83,2.77,2.88,3.07,2.67,2.76,2.72,2.48,2.23,2.36,2.64,4.68,3.62,6.37,7.53,13.37,12.41,12.04,10.0,10.53,8.92,8.21,7.2,8.45
Israel,CAIT,Total including LUCF,N2O,MtCO₂e,2.36,2.32,2.26,2.25,2.18,2.16,2.13,2.1,1.99,1.92,2.12,2.26,2.1,2.1,2.11,2.03,1.96,1.99,1.98,1.91,1.97,1.92,1.9,1.78,1.75,1.69,1.66,1.61,1.62
Switzerland,CAIT,Total including LUCF,N2O,MtCO₂e,2.14,2.18,2.19,2.18,2.19,2.21,2.18,2.24,2.28,2.28,2.31,2.24,2.28,2.27,2.23,2.26,2.29,2.41,2.38,2.41,2.5,2.51,2.59,2.6,2.61,2.61,2.65,2.68,2.69
Iceland,CAIT,Total including LUCF,CO2,MtCO₂e,2.11,2.09,1.98,1.98,1.97,1.95,1.78,1.81,1.93,2.08,2.16,2.36,2.31,2.26,2.29,2.2,2.22,2.14,2.24,2.13,2.17,2.17,2.28,2.02,2.11,2.0,1.96,1.93,1.96
Slovenia,CAIT,Total including LUCF,CH4,MtCO₂e,1.98,2.0,2.01,1.96,1.92,2.05,2.12,2.18,2.2,2.2,2.31,2.34,2.38,2.42,2.46,2.52,2.48,2.47,2.42,2.39,2.5,2.52,2.54,2.52,2.5,2.54,2.54,2.79,2.86
Slovakia,CAIT,Total including LUCF,N2O,MtCO₂e,1.97,1.9,2.01,1.93,2.0,1.92,2.01,2.12,2.42,2.62,2.86,2.97,3.18,2.87,3.0,2.8,2.76,2.78,2.58,2.32,2.83,3.03,3.14,2.91,2.81,2.46,2.74,3.01,4.01
Norway,CAIT,Total including LUCF,F-Gas,MtCO₂e,1.95,1.89,1.83,1.66,1.69,1.6,1.59,1.6,1.53,1.5,1.9,1.87,1.74,1.86,1.87,1.82,2.46,2.71,2.74,2.7,2.6,2.58,2.75,2.89,3.0,3.25,3.26,5.45,5.99
Latvia,CAIT,Total including LUCF,CH4,MtCO₂e,1.94,1.96,1.99,1.98,2.05,1.99,1.97,1.92,1.98,2.0,2.07,2.05,2.05,2.06,2.05,2.11,2.17,2.13,2.11,2.23,2.34,2.44,2.55,2.59,2.85,3.93,4.55,4.02,4.03
Latvia,CAIT,Total including LUCF,N2O,MtCO₂e,1.86,1.92,1.94,1.96,1.87,1.83,1.8,1.74,1.71,1.68,1.68,1.64,1.58,1.56,1.53,1.44,1.5,1.5,1.42,1.46,1.48,1.44,1.43,1.41,1.67,2.03,2.38,2.42,2.55
Switzerland,CAIT,Total including LUCF,F-Gas,MtCO₂e,1.62,1.57,1.53,1.6,1.6,1.58,1.54,1.48,1.42,1.4,1.44,1.38,1.29,1.22,1.15,1.04,0.96,0.87,0.79,0.67,0.61,0.48,0.4,0.32,0.16,0.13,0.16,0.16,0.18
Hungary,CAIT,Total including LUCF,F-Gas,MtCO₂e,1.62,1.74,1.86,2.48,2.22,1.46,1.36,1.5,1.39,1.28,1.4,1.31,1.24,1.15,1.04,0.86,0.72,0.64,0.57,0.61,0.43,0.32,0.3,0.3,0.28,0.25,0.23,0.36,0.39
New Zealand,CAIT,Total including LUCF,F-Gas,MtCO₂e,1.55,1.5,1.45,1.63,1.51,1.49,1.44,1.42,1.22,1.14,1.1,1.02,0.94,0.82,0.78,0.77,0.57,0.39,0.33,0.34,0.26,0.35,0.39,0.22,0.22,0.23,0.48,0.92,0.93
Austria,CAIT,Total including LUCF,F-Gas,MtCO₂e,1.51,1.64,1.77,1.76,1.73,1.64,1.62,1.56,1.66,1.45,1.64,1.61,1.55,1.52,1.73,1.6,1.45,1.38,1.18,1.18,1.24,1.43,1.4,1.28,1.19,1.16,0.98,1.63,1.52
Estonia,CAIT,Total including LUCF,N2O,MtCO₂e,1.35,1.36,1.33,1.39,1.37,1.32,1.31,1.28,1.26,1.24,1.29,1.23,1.19,1.19,1.21,1.18,1.17,1.17,1.18,1.16,1.18,1.15,1.16,1.2,1.25,1.39,1.53,1.76,1.87
Finland,CAIT,Total including LUCF,F-Gas,MtCO₂e,1.23,1.33,1.43,1.45,1.47,1.47,1.46,1.42,1.41,1.39,1.35,1.23,1.17,1.1,1.01,0.92,0.85,0.77,0.71,0.55,0.45,0.35,0.25,0.17,0.09,0.02,0.02,0.04,0.05
Ireland,CAIT,Total including LUCF,F-Gas,MtCO₂e,1.1,1.18,1.26,1.14,1.18,1.12,0.99,1.02,1.02,1.05,1.06,1.17,1.17,1.01,0.99,1.11,0.97,1.04,0.94,0.68,0.53,0.57,0.39,0.27,0.12,0.09,0.06,0.04,0.03
Estonia,CAIT,Total including LUCF,CH4,MtCO₂e,1.05,1.06,1.07,1.12,1.13,1.15,1.18,1.18,1.24,1.23,1.26,1.28,1.3,1.32,1.38,1.37,1.42,1.42,1.44,1.5,1.54,1.6,1.64,1.71,1.75,2.05,2.28,2.25,2.27
Sweden,CAIT,Total including LUCF,F-Gas,MtCO₂e,0.85,0.92,0.99,1.01,1.06,1.05,1.1,1.25,1.27,1.15,1.45,1.55,1.49,1.53,1.46,1.38,1.36,1.26,1.17,1.15,0.97,0.93,0.79,0.78,0.65,0.57,0.5,0.68,0.68
Slovenia,CAIT,Total including LUCF,N2O,MtCO₂e,0.79,0.79,0.8,0.79,0.77,0.77,0.8,0.8,0.79,0.79,0.82,0.82,0.83,0.82,0.83,0.87,0.86,0.97,0.97,0.94,0.97,1.0,0.94,0.96,0.98,0.91,0.94,1.05,1.15
Denmark,CAIT,Total including LUCF,F-Gas,MtCO₂e,0.61,0.66,0.71,0.72,0.78,0.85,0.87,0.94,1.0,1.0,1.05,1.04,1.01,0.99,0.93,0.86,0.82,0.78,0.74,0.62,0.5,0.4,0.39,0.28,0.19,0.14,0.04,0.03,0.03
Slovakia,CAIT,Total including LUCF,F-Gas,MtCO₂e,0.6,0.64,0.69,0.76,0.68,0.68,0.68,0.65,0.64,0.57,0.53,0.46,0.43,0.37,0.33,0.28,0.23,0.18,0.14,0.11,0.1,0.1,0.08,0.16,0.17,0.18,0.29,0.31,0.31
Luxembourg,CAIT,Total including LUCF,CH4,MtCO₂e,0.54,0.55,0.55,0.55,0.55,0.54,0.53,0.54,0.56,0.56,0.56,0.56,0.55,0.55,0.56,0.56,0.58,0.58,0.57,0.6,0.58,0.58,0.59,0.59,0.59,0.6,0.6,0.61,0.6
Iceland,CAIT,Total including LUCF,CH4,MtCO₂e,0.53,0.54,0.55,0.56,0.55,0.54,0.54,0.57,0.6,0.6,0.6,0.61,0.61,0.56,0.57,0.57,0.57,0.58,0.57,0.58,0.57,0.56,0.56,0.55,0.54,0.53,0.52,0.51,0.51
Iceland,CAIT,Total including LUCF,N2O,MtCO₂e,0.4,0.41,0.4,0.41,0.4,0.38,0.39,0.39,0.38,0.39,0.44,0.44,0.42,0.4,0.4,0.4,0.41,0.4,0.42,0.43,0.42,0.41,0.4,0.39,0.39,0.4,0.39,0.4,0.41
Slovenia,CAIT,Total including LUCF,F-Gas,MtCO₂e,0.35,0.38,0.4,0.39,0.37,0.35,0.33,0.31,0.29,0.27,0.26,0.33,0.33,0.31,0.28,0.26,0.23,0.2,0.19,0.18,0.18,0.18,0.17,0.17,0.17,0.16,0.15,0.15,0.22
Iceland,CAIT,Total including LUCF,F-Gas,MtCO₂e,0.3,0.29,0.29,0.31,0.28,0.27,0.27,0.22,0.32,0.3,0.5,0.41,0.46,0.1,0.11,0.13,0.13,0.16,0.19,0.25,0.26,0.13,0.05,0.08,0.06,0.09,0.18,0.41,0.5
Luxembourg,CAIT,Total including LUCF,N2O,MtCO₂e,0.3,0.31,0.3,0.3,0.3,0.3,0.3,0.31,0.3,0.3,0.3,0.29,0.29,0.29,0.3,0.28,0.29,0.21,0.21,0.3,0.29,0.29,0.29,0.29,0.29,0.28,0.28,0.28,0.28
Latvia,CAIT,Total including LUCF,F-Gas,MtCO₂e,0.24,0.25,0.27,0.25,0.23,0.22,0.2,0.2,0.19,0.18,0.17,0.14,0.11,0.08,0.06,0.05,0.04,0.04,0.03,0.03,0.03,0.02,0.02,0.02,0.02,0.02,0.02,0.02,0.02
Estonia,CAIT,Total including LUCF,F-Gas,MtCO₂e,0.21,0.22,0.24,0.23,0.22,0.21,0.2,0.19,0.18,0.16,0.15,0.17,0.16,0.14,0.12,0.11,0.1,0.1,0.08,0.06,0.05,0.04,0.03,0.03,0.02,0.02,0.02,0.01,0.0
Luxembourg,CAIT,Total including LUCF,F-Gas,MtCO₂e,0.06,0.06,0.07,0.07,0.07,0.06,0.06,0.06,0.05,0.05,0.05,0.05,0.04,0.04,0.04,0.04,0.04,0.03,0.03,0.03,0.03,0.02,0.02,0.02,0.02,0.02,0.01,0.0,0.0
